f,Ydd_c,Ydq_c,Yqd_c,Yqq_c,Ydd_g,Ydq_g,Yqd_g,Yqq_g
1,1.47028732803268e-06+0.000690182416451459i,-0.000338420043953192+1.82398672410492e-05i,-9.36024018334453e-05-0.21920656714216i,-0.00219469243094226-0.000687404179359005i,0.00105315067237711+0.000141405612460876i,-0.00736589560152596+4.12623839334776e-05i,0.00736589564921351-4.1262371084677e-05i,0.00105315061672466+0.000141405535533805i
2,1.75568385668368e-06+0.00034734989528931i,-0.000344894261767927+8.49890835289785e-06i,-9.70612855053245e-05-0.109603602205342i,-0.00109958448478166-0.00033650231967032i,0.00105677436015098+0.000283103651640396i,-0.00737387491262772+8.27113880907119e-05i,0.00737387499126585-8.27114193460418e-05i,0.00105677433006547+0.000283103524756787i
3,2.18250179588278e-06+0.000233844873174763i,-0.000351278136575099+5.73637629861912e-06i,-9.82189422820412e-05-0.073069426722982i,-0.000734393248459915-0.000214864336426352i,0.00106284385594677+0.000425388303474913i,-0.00738720865967044+0.00012453594726618i,0.00738720864440174-0.000124535913499093i,0.00106284384559083+0.000425388327475208i
4,2.70159594101074e-06+0.000177415293603616i,-0.000359121067229072+5.68121466652387e-06i,-9.8802995951602e-05-0.0548024482547806i,-0.000551657821442807-0.000150630504595452i,0.00107140469370537+0.000568557574153036i,-0.00740594926093717+0.000166928841488518i,0.00740594916955945-0.000166928859498003i,0.00107140468419231+0.000568557599995349i
5,3.23497386323467e-06+0.000143536938736327i,-0.00036861916875419+7.80136263000549e-06i,-9.91589498080265e-05-0.0438423484522917i,-0.000441885459847236-0.000109374031515676i,0.00108252140138842+0.000712914838269014i,-0.00743017089268686+0.000210089414716305i,0.00743017084664357-0.000210089438588829i,0.00108252140707026+0.000712914895322802i
6,3.67686146023288e-06+0.000120650094138804i,-0.000379685655285816+1.22125411797011e-05i,-9.94019811792799e-05-0.0365356878679721i,-0.00036857384667773-7.96115273652677e-05i,0.00109627898686491+0.000858770762737402i,-0.00745997001448124+0.000254225480856011i,0.007459970078256-0.000254225454350526i,0.00109627891539193+0.000858770746571048i
7,3.89225146068947e-06+0.000103770964433676i,-0.000392083172148258+1.92242152907927e-05i,-9.95814529602081e-05-0.0313167067238722i,-0.000316077470624043-5.64202528990788e-05i,0.00111278329742814+0.0010064452523731i,-0.00749546631261961+0.000299556032434454i,0.00749546630457235-0.000299556052722017i,0.00111278335433561+0.00100644534734799i
8,3.71660955020094e-06+9.04021550915291e-05i,-0.000405438816065354+2.92099296745073e-05i,-9.9722045416211e-05-0.027402525115228i,-0.000276572984034691-3.73387391341264e-05i,0.00113216423945585+0.00115627016187282i,-0.00753680345351573+0.000346313943734569i,0.00753680339534324-0.000346314034598477i,0.00113216427474975+0.00115627004924531i
9,2.95852750404204e-06+7.9178161352428e-05i,-0.00041923498173423+4.25395139912556e-05i,-9.98374670674403e-05-0.0243582097469726i,-0.000245713864312226-2.0999669542184e-05i,0.00115457648034881+0.00130859034774529i,-0.00758415030873305+0.000394749254239367i,0.0075841503363183-0.000394749163640361i,0.0011545764985192+0.00130859020737387i
10,1.40717504223048e-06+6.93322013912679e-05i,-0.000432799974347357+5.95189491527227e-05i,-9.99359398364619e-05-0.0219228006288299i,-0.000220892123777782-6.58288318069841e-06i,0.00118020262750092+0.0014637668269474i,-0.00763770285959919+0.000445131248514999i,0.00763770283642575-0.000445131379894361i,0.00118020259401382+0.00146376685771084i
11,-1.15370098877601e-06+6.046076177893e-05i,-0.000445311683966713+8.03242898962122e-05i,-0.000100022692901258-0.0199302323011384i,-0.000200448124323162+6.43330069764884e-06i,0.00120925609333968+0.00162217971024902i,-0.00769768562432016+0.000497754568413804i,0.00769768561986716-0.000497754625585641i,0.00120925612222097+0.00162217973650212i
12,-4.92424190816474e-06+5.24086594073731e-05i,-0.000455825605737286+0.000104930325779571i,-0.000100101207906704-0.0182697944469541i,-0.000183275464079591+1.83964369285418e-05i,0.00124198545416068+0.00178422961264861i,-0.00776435337813298+0.000552941377510956i,0.00776435338806849-0.000552941486238395i,0.00124198547283834+0.00178422960788248i
13,-1.00601816117732e-05+4.5203314438289e-05i,-0.000463335856088793+0.000133044051617436i,-0.000100173893537669-0.0168648414526723i,-0.000168608218522092+2.95469231787362e-05i,0.00127867812455786+0.00195034167094869i,-0.00783799395568766+0.000611047828552939i,0.00783799400463473-0.000611047854562099i,0.00127867817337149+0.00195034161133224i
14,-1.66413628268352e-05+3.90050653950306e-05i,-0.000466871237562392+0.000164060292995042i,-0.000100242465715929-0.0156606264433797i,-0.000155899351943996+4.00562715954857e-05i,0.00131966611843939+0.00212096774053779i,-0.00791893020548597+0.000672469077268138i,0.00791893026906711-0.000672469133527501i,0.00131966620096041+0.00212096777460819i
15,-2.46437364709833e-05+3.40575353401265e-05i,-0.000465617171499441+0.000197059657931282i,-0.000100308181113253-0.0146170017035722i,-0.000144747764677225+5.00500736186627e-05i,0.00136533256810133+0.00229659135011417i,-0.008007523151038+0.000737646796640096i,0.00800752324943454-0.000737646765003099i,0.00136533253335401+0.00229659136457334i
16,-3.39233233360412e-05+3.06329043641757e-05i,-0.000459041086726446+0.000230863855425338i,-0.000100371979750938-0.0137038564393078i,-0.000134852692098004+5.96223533120189e-05i,0.00141611878394153+0.00247772934437712i,-0.00810417535382245+0.00080707667400042i,0.00810417534895632-0.000807076788621393i,0.00141611881706916+0.00247772935124664i
17,-4.42194846452414e-05+2.89753893415145e-05i,-0.000446989748518516+0.00026414905398642i,-0.00010043457850633-0.0128981647424875i,-0.000125984197552413+6.88448536210293e-05i,0.00147253439171701+0.00266493739633415i,-0.00820933359795379+0.000881318650726896i,0.00820933356904538-0.000881318584353827i,0.00147253438182741+0.00266493734303974i
18,-5.51800318015573e-05+2.92519046741152e-05i,-0.000429728724913865+0.000295598404902817i,-0.000100496532909187-0.0121820175670497i,-0.000117963500789629+7.77732266586998e-05i,0.00153516743563103+0.00285881336950336i,-0.00832349339022893+0.000961007093568324i,0.00832349339403005-0.000961007212260449i,0.00153516736744607+0.00285881334055267i
19,-6.64037475386343e-05+3.15199554502375e-05i,-0.000407909062212146+0.000324059061970327i,-0.00010055827957951-0.0115412761853266i,-0.000110649518389838+8.64512696812177e-05i,0.00160469784309024+0.00306000231107431i,-0.00844720291942841+0.00104686604942711i,0.00844720288396136-0.00104686583512673i,0.0016046977976693+0.00306000243364789i
20,-7.74900471887907e-05+3.5718874745994e-05i,-0.000382468909923655+0.000348665851157915i,-0.000100620166221135-0.010964629608755i,-0.000103929443532417+9.491388900892e-05i,0.0016819141050024+0.00326920050546454i,-0.00858106690798457+0.00113972374199236i,0.00858106681772479-0.00113972370007386i,0.00168191405985799+0.00326920048244885i
21,-8.80836989992471e-05+4.16836757645061e-05i,-0.000354497544465741+0.000368905525694165i,-0.000100682471328677-0.0104429213166558i,-9.7712015800024e-05+0.00010318921771748i,0.00176773145490248+0.00348716101020085i,-0.00872575134347403+0.0012405331751953i,0.00872575131035172-0.00124053313600911i,0.00176773140064486+0.00348716099796103i
22,-9.79054566297729e-05+4.91745833786869e-05i,-0.000325096892401033+0.000384616041267442i,-0.000100745420279657-0.00996865960378166i,-9.19226288245317e-05+0.000111300156869856i,0.00186321625772642+0.00371469723944212i,-0.00888198774312493+0.00135039582724664i,0.00888198775988969-0.00135039584397231i,0.00186321628776604+0.00371469720704203i
23,-0.000106765133842141+5.79125224380832e-05i,-0.000295269571391354+0.000395934212532423i,-0.000100809196160845-0.00953565566482899i,-8.64997128880909e-05+0.000119265513578942i,0.00196961456570465+0.00395268801503337i,-0.00905057694600439+0.00147059016754642i,0.00905057695321685-0.0014705901525143i,0.00196961453492943+0.00395268800452048i
25,-0.000121257133633101+7.80054461904711e-05i,-0.000237466956282186+0.000406945364192765i,-0.000100939799643708-0.0087736169056458i,-7.6556575618034e-05+0.000134819164501949i,0.00222125111530453+0.00446389256456203i,-0.00942838168200748+0.00174819374901971i,0.00942838162359931-0.00174819382659742i,0.00222125129724507+0.00446389268593735i
26,-0.000126884882702471+8.88593745240193e-05i,-0.000210564589649972+0.000407668914623326i,-0.000101006849881581-0.00843658422326865i,-7.1957064439296e-05+0.000142431327678578i,0.0023702374089837+0.00473921165288635i,-0.00963956543159679+0.00190940568506229i,0.00963956544199232-0.0019094057971039i,0.00237023744806467+0.00473921169303547i
28,-0.000135203943600187+0.000111214591407195i,-0.000162132560597907+0.000402232089815734i,-0.000101144862011007-0.0078347821361337i,-6.33468625290874e-05+0.000157372584020218i,0.00272665757998473+0.00533503371804465i,-0.010111929873744+0.00228888614167148i,0.0101119299313245-0.00228888629763346i,0.00272665761955868+0.0053350336545337i
30,-0.000140214886495657+0.000133592354382862i,-0.000121253729243736+0.000390695219217323i,-0.000101288479814513-0.00731327181598468i,-5.53637005358722e-05+0.00017198281278207i,0.00318303233728062+0.00599926542463899i,-0.0106587339132237+0.00276661315551183i,0.0106587339097149-0.00276661325374035i,0.00318303238177266+0.00599926540842393i
32,-0.000142659819385116+0.00015540876147721i,-8.74352889717922e-05+0.00037586800403511i,-0.000101438030299187-0.00685699765414322i,-4.78602177347999e-05+0.000186304565210452i,0.00377598534136319+0.00674136344891754i,-0.0112890075464211+0.00337936671157747i,0.0112890075642226-0.003379366667356i,0.00377598527542516+0.00674136342742241i
34,-0.000143175974612814+0.000176407338148628i,-5.97062163535763e-05+0.000359618850184803i,-0.000101593721285354-0.00645444649426667i,-4.07246393125321e-05+0.000200369408120337i,0.00455917156400129+0.00756778760623086i,-0.0120088221089935+0.00418093739989304i,0.0120088220845244-0.00418093740864742i,0.00455917144174252+0.00756778768188343i
36,-0.000142259264181901+0.000196517939564029i,-3.70129302493844e-05+0.000343099985337832i,-0.000101755672771111-0.00609666361997917i,-3.38709261824438e-05+0.000214201025584374i,0.0056120627750488+0.00847539433766625i,-0.0128146779848647+0.00525091426569172i,0.0128146780503421-0.00525091423183662i,0.00561206282339158+0.00847539431299378i
39,-0.000138971795322726+0.000225083988664921i,-1.03571014067067e-05+0.000319182726161713i,-0.000102010443823641-0.00562886172749216i,-2.39761954692154e-05+0.000234549164867919i,0.00796836847753789+0.00991291422217505i,-0.014107968041989+0.00763062405753547i,0.0141079680677644-0.00763062412929333i,0.0079683684863825+0.00991291421282372i
41,-0.000135862645614306+0.000243162399705615i,3.61258002016691e-06+0.000304255456774956i,-0.000102188178440781-0.00535506837460258i,-1.75640954554604e-05+0.000247867093110634i,0.0103242528028057+0.0107518771136088i,-0.0148559264820645+0.0100007434087556i,0.0148559265297907-0.0100007433948032i,0.0103242527323451+0.0107518771462188i
44,-0.000130225869606978+0.000269026744043424i,2.03320455357364e-05+0.000283659147593565i,-0.000102466483072808-0.00499110418225715i,-8.12858325059068e-06+0.000267495741666478i,0.0155693660447936+0.0109624378336272i,-0.0149369365786206+0.0152653310204725i,0.0149369365044016-0.0152653310123698i,0.0155693659952059+0.0109624378031674i
47,-0.000123726673833238+0.000293600308738062i,3.32428662660213e-05+0.000265215134549155i,-0.000102758565461165-0.00467366459879356i,1.17087689212795e-06+0.000286725693666458i,0.0224953120871709+0.00746098004285522i,-0.0113132994579161+0.0222088354525317i,0.0113132995303492-0.0222088354603639i,0.0224953120031833+0.00746097995103969i
50,-0.000116585615817753+0.000317081955124659i,4.33771914216972e-05+0.000248766664975625i,-0.000103064032463654-0.00439437257887989i,1.04037175038262e-05+0.00030557199417321i,0.0264294162347128-0.00186862256646127i,-0.00186808058118929+0.0261594245742555i,0.00186808039498903-0.0261594245707232i,0.0264294158992082-0.00186862254886051i
52,-0.000111539017089643+0.000332207933820749i,4.89571479777648e-05+0.00023880327333818i,-0.00010327488242548-0.00422610923749675i,1.65472810299219e-05+0.000317928174240153i,0.0245125116361637-0.00865883165812134i,0.00499545782490512+0.0242532735317981i,-0.0049954577811808-0.0242532735704014i,0.0245125115842955-0.0086588316532059i
53,-0.00010894130731797+0.000339626740997069i,5.14573111685249e-05+0.000234097231689268i,-0.00010338241174828-0.00414674769249059i,1.96199907233034e-05+0.000324044700036994i,0.0224787967221878-0.0112015134904807i,0.00757362775111176+0.0222248172647729i,-0.00757362766668088-0.0222248173170758i,0.0224787966167587-0.0112015136485333i
56,-0.00010088404488603+0.000361353142781687i,5.79939630118762e-05+0.00022098531587757i,-0.0001037131719725-0.00392569811580113i,2.88555220716571e-05+0.000342150487404314i,0.015536503341714-0.0147128621829776i,0.0111869822714041+0.0152974544319493i,-0.0111869823150992-0.0152974545347469i,0.0155365033852409-0.0147128621439826i
60,-8.96023436897394e-05+0.000389200960135911i,6.49261632836748e-05+0.000205575667728882i,-0.000104172442544278-0.00366541077137806i,4.12418864414523e-05+0.000365728171985324i,0.00899432613750097-0.0141363099151403i,0.0107373597559117+0.00877295834186995i,-0.010737359802171-0.00877295834685683i,0.00899432613265446-0.0141363099075856i
64,-7.77949658678324e-05+0.000415907759579833i,7.03592881738139e-05+0.000192157085919374i,-0.000104651237668139-0.00343771871766649i,5.37447536310097e-05+0.000388667848058393i,0.00553409520168518-0.0122854363333732i,0.00900453714647007+0.00532825870847593i,-0.0090045370817953-0.00532825871057322i,0.00553409525507462-0.0122854363111991i
68,-6.55335951185627e-05+0.000441583562804836i,7.46991758123014e-05+0.000180388516643883i,-0.000105148029245263-0.00323686483026664i,6.63844775617925e-05+0.000410973645184969i,0.00367340788046463-0.0106004383660467i,0.00742972352696499+0.00348140530635698i,-0.00742972359076306-0.00348140537839466i,0.00367340797122782-0.0106004384024485i
72,-5.28743332980199e-05+0.000466307369955058i,7.82246378264918e-05+0.000169994928728919i,-0.000105661246335791-0.00305837133810614i,7.91685892776698e-05+0.000432648679116712i,0.00259731931350903-0.00925715892851251i,0.00618952804188801+0.00241775086107041i,-0.00618952813103482-0.00241775087273313i,0.00259731927095911-0.00925715891392848i
75,-4.31475983864932e-05+0.000484261114402353i,8.04544416793219e-05+0.000162967269575499i,-0.000106055981469543-0.0029370203141851i,8.88506961906974e-05+0.000448492841800457i,0.00207002187334457-0.0084432708949211i,0.00544869076466654+0.00189898714143245i,-0.0054486909022106-0.00189898717323352i,0.00207002188904202-0.00844327096463505i
77,-3.65627099687039e-05+0.000495960805836924i,8.17792230775811e-05+0.00015860364430307i,-0.000106323441769193-0.00286138328433356i,9.53485870652669e-05+0.000458860174789065i,0.00180273631534661-0.00797535126542237i,0.00502758131648047+0.00163705291069007i,-0.00502758138569167-0.0016370528985475i,0.00180273635464543-0.00797535123159234i
82,-1.97861129144173e-05+0.00052430169419758i,8.46298043381411e-05+0.000148677384097295i,-0.000107005708865107-0.00268846312293395i,0.000111733924252742+0.000484098269726439i,0.00132458051111643-0.00700940278585234i,0.00417253050753499+0.00117121800570229i,-0.00417253055727307-0.00117121803599341i,0.00132458046706672-0.0070094028231647i
87,-2.62046444450363e-06+0.000551394446021354i,8.69574140497606e-05+0.000139953221620552i,-0.000107704982388991-0.00253545388736934i,0.00012829682532901+0.000508372769212514i,0.001015873512901-0.00626095289735837i,0.00352697390457058+0.000873501933164039i,-0.00352697390024228-0.000873502016390869i,0.00101587355971708-0.00626095299065415i
93,1.83916078631002e-05+0.000582331435875565i,8.92354472032413e-05+0.000130785434162825i,-0.000108562361337042-0.00237359420754431i,0.000148357941562524+0.000536248526651308i,0.000771340886757936-0.00556068734398483i,0.00294077476234092+0.000640664525437472i,-0.00294077476601304-0.000640664562966785i,0.000771340963094382-0.00556068733002692i
96,2.90326049554325e-05+0.000597178828266222i,9.02092008218168e-05+0.000126652353522579i,-0.000108997066155068-0.00230026189936515i,0.0001584451584423+0.000549681651020369i,0.000681682495172053-0.00527019976431873i,0.0027038360519213+0.000556320463257661i,-0.00270383597106214-0.000556320460132874i,0.000681682521590993-0.00527019975470025i
99,3.97449419081734e-05+0.00061162429478084i,9.10925358637024e-05+0.000122781493453404i,-0.000109434983894224-0.00223137902409706i,0.000168558641395261+0.000562783686014007i,0.000607223887176792-0.005010880352117i,0.00249592693920896+0.000486858671592485i,-0.00249592696941791-0.000486858663903359i,0.000607223851984912-0.00501088041357239i
105,6.13305033140845e-05+0.000639344299129974i,9.26331770097701e-05+0.000115731883657277i,-0.000110318179090122-0.00210543163064186i,0.000188829447724619+0.000588013095009712i,0.00049165933908676-0.00456738387801778i,0.00214932625541871+0.000380432364845121i,-0.00214932620616473-0.000380432421502295i,0.000491659416788091-0.00456738387424903i
112,8.66722484086056e-05+0.000669787885316814i,9.41277371553259e-05+0.000108498640759874i,-0.000111356150200075-0.00197555520711019i,0.000212475100992843+0.000615851822986801i,0.000395246480633329-0.00414676146361891i,0.00183273992863383+0.000293425407598841i,-0.00183273992955865-0.000293425556731315i,0.000395246405680023-0.00414676141268652i
116,0.000101175958618751+0.000686306559057105i,9.48659910346439e-05+0.000104770875545429i,-0.000111950628322428-0.00190837689118307i,0.000225946665642823+0.000631014712334354i,0.000352804651637108-0.00394212749267725i,0.00168364092773852+0.00025583336182264i,-0.00168364096928256-0.000255833306313699i,0.000352804626774139-0.003942127455296i
119,0.000112044925685504+0.00069829218904719i,9.53737003858684e-05+0.000102144667959716i,-0.000112396291538099-0.00186095507497534i,0.000236016752913094+0.000642042587589787i,0.000325475756755052-0.00380251220881089i,0.00158396208081537+0.000231918384970726i,-0.00158396213514763-0.000231918273681966i,0.000325475841305389-0.00380251210041863i
127,0.000140911480994386+0.000728633761887494i,9.65667944244078e-05+9.57641870827199e-05i,-0.000113580475542787-0.00174543732331259i,0.000262669600162472+0.000670061286264759i,0.00026688520046309-0.0034777892893688i,0.0013591546956219+0.000181598837311372i,-0.00135915459004655-0.000181598897378379i,0.000266885153424076-0.00347778927266573i
135,0.000169474277375569+0.000756749147320308i,9.75713153457774e-05+9.01560947580188e-05i,-0.00011475280619075-0.00164358477502029i,0.000288929962955935+0.000696163315439881i,0.000223312984913403-0.00320786815009314i,0.00118055121326737+0.000145249954768139i,-0.00118055131950279-0.000145249889403891i,0.000223313059887703-0.00320786813506542i
136,0.000173015713852032+0.000760115266895174i,9.76859057032991e-05+8.95022857483334e-05i,-0.000114898192527656-0.00163169345939799i,0.000292179159602208+0.000699298003489025i,0.000218660100908988-0.00317727338410179i,0.00116082148147189+0.000141435066178382i,-0.00116082155934989-0.000141435099871161i,0.000218660135555483-0.00317727330471429i
143,0.000197587200904652+0.000782803406025213i,9.84301170302598e-05+8.51849925342855e-05i,-0.000115907067021222-0.00155309519269229i,0.000314686445104907+0.000720483951806522i,0.00018996118933846-0.00297954679566071i,0.00103601233802457+0.000118242620830619i,-0.00103601216565858-0.000118242694117238i,0.000189961025728858-0.00297954676154078i
153,0.000231913370676056+0.000812722186170979i,9.93448715480908e-05+7.97082910652905e-05i,-0.000117316733758664-0.00145323675088696i,0.00034603388729746+0.000748589136774003i,0.000158157663474113-0.002738844489562i,0.000890790064792412+9.33413226177187e-05i,-0.000890790056483413-9.3341217162156e-05i,0.000158157645806576-0.00273884459155734i
155,0.000238654428331049+0.000818377898377282i,9.95102567914106e-05+7.86980354604128e-05i,-0.000117593586910555-0.00143480332501523i,0.000352178443427673+0.000753925506669937i,0.000152800527111127-0.00269560715831453i,0.000865535307119021+8.92448555962668e-05i,-0.000865535334439972-8.92448538323002e-05i,0.000152800582291227-0.00269560722048895i
162,0.000261890575565929+0.000837372977237947i,0.000100049999819509+7.53582719140531e-05i,-0.000118547894904914-0.00137384901502336i,0.000373332515920957+0.000771908090116866i,0.00013612526947398-0.00255511614843091i,0.000785321073641991+7.67048241661534e-05i,-0.000785321149240624-7.67048584715413e-05i,0.000136125346246099-0.00255511611721454i
173,0.000297199774852755+0.0008649033409407i,0.000100793205321582+7.06526835942495e-05i,-0.000119997942272382-0.0012879621890627i,0.000405408463636054+0.000798151518469884i,0.000115122764835184-0.0023632520842784i,0.000680558364540736+6.14316050705861e-05i,-0.00068055843503875-6.14315804327092e-05i,0.000115122857679925-0.00236325217087501i
174,0.00030033288423057+0.000867276427458714i,0.000100855278296222+7.02540730776118e-05i,-0.000120126597694849-0.0012806885099624i,0.000408251008733949+0.000800424595223943i,0.000113468248603929-0.002347312700452i,0.000672114512260091+6.02564054616206e-05i,-0.000672114504613056-6.02564062794668e-05i,0.00011346815905975-0.00234731269965536i
184,0.000330930804617208+0.000889928349205887i,0.000101433034717322+6.65023884043105e-05i,-0.00012138287682422-0.00121226180496314i,0.000435982970183224+0.000822217816175306i,9.87785284397218e-05-0.00219959317259641i,0.000595836851064926+5.00282421603279e-05i,-0.000595836796882207-5.00281784553834e-05i,9.87784989629405e-05-0.00219959318206089i
192,0.000354428117268707+0.000906754320336165i,0.000101845651893665+6.37766899412806e-05i,-0.000122347347226051-0.00116260340665714i,0.000457247313811566+0.000838526942445807i,8.90523744514754e-05-0.00209480290510596i,0.000543960876557357+4.34805502519941e-05i,-0.000543960863526114-4.34805642788396e-05i,8.90524733747666e-05-0.00209480291643258i
196,0.000365844549268846+0.00091477833815085i,0.00010203762291147+6.24951397306352e-05i,-0.000122815834870522-0.00113927810937039i,0.000467569681763701+0.000846343789488536i,8.47377114052763e-05-0.00204624665129763i,0.000520574524026906+4.06399579220554e-05i,-0.00052057461220534-4.06399924499013e-05i,8.47376765615506e-05-0.00204624656800039i
208,0.000398758676513971+0.000937467102340496i,0.00010256380882355+5.89373268305938e-05i,-0.000124165997026328-0.00107462339360223i,0.000497299151346901+0.000868594284013895i,7.35732559078373e-05-0.00191377013067i,0.000458936952205958+3.34942802476343e-05i,-0.000458936973830196-3.34942228292588e-05i,7.35733297132882e-05-0.00191377010528739i
211,0.000406675152054108+0.000942844960717254i,0.00010268489224451+5.81089278204423e-05i,-0.000124490604338745-0.00105959458493967i,0.000504443404646667+0.000873901769657042i,7.11379336704949e-05-0.00188340549760367i,0.000445266673092293+3.19779143823008e-05i,-0.000445266722459648-3.19780163558894e-05i,7.11379981086557e-05-0.00188340551589672i
222,0.00043464712618837+0.000961685452265031i,0.000103097728138423+5.52555371121453e-05i,-0.000125637068177887-0.00100791830530264i,0.000529669266717539+0.000892602196199934i,6.31977795632772e-05-0.0017801760132393i,0.000400105965775825+2.71514230928957e-05i,-0.000400105953433182-2.71514738001872e-05i,6.31978384134166e-05-0.00178017596509974i
229,0.000451597853044865+0.000973033727738803i,0.000103337523764983+5.35763598799555e-05i,-0.000126331375939142-0.000977582396472944i,0.000544943588796074+0.000903948148299671i,5.88366743449475e-05-0.00172039824073232i,0.000374902022919392+2.45827534422893e-05i,-0.000374901972777015-2.45826364604255e-05i,5.88366316446536e-05-0.00172039810522872i
236,0.000467903584533367+0.000983949322565902i,0.000103561533542506+5.19920733748131e-05i,-0.000126998898639282-0.000949019557193271i,0.00055962877073893+0.000914920663298797i,5.49235443653648e-05-0.00166464850125245i,0.000352036928039842+2.2332143610093e-05i,-0.000352037039375367-2.23321115542401e-05i,5.49235778671349e-05-0.00166464855769372i
247,0.00049226207101891+0.00100034730952898i,0.000103885086411906+4.96746769134418e-05i,-0.000127995307181544-0.000907356083817946i,0.000581553260480692+0.000931512817719876i,4.95378577246218e-05-0.00158422577591412i,0.00032016387383195+1.93248937068117e-05i,-0.000320163875927691-1.93249992944346e-05i,4.9537894937974e-05-0.00158422567435237i
251,0.000500747665558481+0.00100611030659527i,0.000103994912644503+4.8879580248436e-05i,-0.000128342170597997-0.000893096597719507i,0.00058918757546427+0.000937374509902533i,4.77792812320781e-05-0.00155693774103928i,0.000309652252019182+1.83673709897479e-05i,-0.000309652293821566-1.83673250426612e-05i,4.77793913530979e-05-0.00155693778901521i
265,0.000528951670067775+0.00102558314756855i,0.000104350164224199+4.62747665904598e-05i,-0.000129493974649551-0.000846522628154206i,0.000614551165281052+0.000957292778217309i,4.23242571472847e-05-0.00146862429105873i,0.000276705723266053+1.54789000260296e-05i,-0.000276705691597242-1.54788786180301e-05i,4.2324355494888e-05-0.00146862422288251i
267,0.000532797001386512+0.00102828756196869i,0.000104397500385714+4.59235690828595e-05i,-0.000129650867790944-0.000840261069308091i,0.000618008050596101+0.000960072101923951i,4.16236518923969e-05-0.00145684391935522i,0.000272436278369926+1.51173867278187e-05i,-0.000272436323204911-1.51174124298714e-05i,4.16236481570649e-05-0.00145684387270471i
283,0.000561995134809065+0.00104936790075638i,0.000104749024892016+4.3281106298445e-05i,-0.000130840849719865-0.000793299183081174i,0.000644248897897675+0.000981835066472347i,3.66072820864188e-05-0.00136916720139901i,0.000241604197084107+1.25973641111284e-05i,-0.000241604210172917-1.25972584289014e-05i,3.66072941370716e-05-0.00136916722380484i
284,0.000563730835083998+0.00105065707095375i,0.000104769501202264+4.3125163232769e-05i,-0.000130911507425219-0.000790536584813652i,0.000645808418468354+0.000983171253632451i,3.63249599207973e-05-0.00136404598556346i,0.000239855295945625+1.24591754696218e-05i,-0.000239855199557633-1.24591422973297e-05i,3.63250145976643e-05-0.00136404601725852i
301,0.000591733600732848+0.00107218713170855i,0.000105093796347409+4.06214224765996e-05i,-0.000132049962015896-0.0007463297413857i,0.000670964270605527+0.00100556282917909i,3.19944104210345e-05-0.0012826305922511i,0.00021283143648756+1.03938802789358e-05i,-0.000212831397314571-1.03938473943734e-05i,3.19943929502162e-05-0.00128263058930112i
303,0.000594848516018145+0.00107468009748601i,0.000105129191003522+4.03439664996377e-05i,-0.000132176407450056-0.000741448943832621i,0.000673762075749394+0.00100816384202646i,3.15372720474035e-05-0.00127370218692321i,0.000209958076286094+1.01820737186548e-05i,-0.000209957966310448-1.01819833761748e-05i,3.15373483808655e-05-0.00127370224083797i
319,0.000618500899655414+0.00109441251972795i,0.000105393774454969+3.82399515114577e-05i,-0.000133135064315824-0.000704564185534794i,0.000695004881094579+0.00102879929881176i,2.82149719558017e-05-0.0012066068666199i,0.00018894279092722+8.67903138750023e-06i,-0.000188942762968826-8.6790914973652e-06i,2.82149841243032e-05-0.00120660692870698i
322,0.000622695711473563+0.0010980798978639i,0.000105439951283125+3.78668711268234e-05i,-0.000133304784314119-0.000698048485984639i,0.000698772168356509+0.00103264240339819i,2.76518137557756e-05-0.00119482275173418i,0.000185357799712449+8.43099964871056e-06i,-0.000185357798710381-8.43106980891158e-06i,2.7651823617509e-05-0.00119482267664478i
337,0.000642611997521368+0.00111632535687048i,0.000105656244278684+3.60929230831466e-05i,-0.000134109147508144-0.000667176307470445i,0.00071665879691282+0.00105178850396978i,2.50775508361409e-05-0.00113925936107139i,0.000168885786955199+7.32390503473059e-06i,-0.000168885834350685-7.32386132316128e-06i,2.50776520599257e-05-0.00113925938946081i
343,0.000650109687995148+0.0011235982706018i,0.000105736438293983+3.54231061240353e-05i,-0.000134411273011203-0.000655568594120679i,0.000723392752256608+0.00105942958885935i,2.41492987336469e-05-0.00111848204383198i,0.000162910427716567+6.93566947090114e-06i,-0.000162910465089602-6.93563943504351e-06i,2.4149342346269e-05-0.00111848214902962i
355,0.000664357057782731+0.00113813607841301i,0.000105887017512694+3.41454567914514e-05i,-0.000134984190103504-0.000633506901118303i,0.000736189989772416+0.00107471247362505i,2.24432405072255e-05-0.00107916090487277i,0.000151878657184769+6.23833259791545e-06i,-0.000151878673322185-6.23827247855863e-06i,2.24432132514796e-05-0.00107916090112931i
365,0.00067551323132851+0.00115026808834707i,0.000106003297352024+3.31391667397344e-05i,-0.000135431575615484-0.000616208126767801i,0.000746212206092517+0.00108747075748046i,2.11580492937489e-05-0.00104848046469484i,0.00014352411955499+5.72734330236482e-06i,-0.000143524201872846-5.72725650579145e-06i,2.11579808649143e-05-0.00104848057968114i
373,0.000683999130284631+0.00116000009052574i,0.000106090797522172+3.23693817404414e-05i,-0.000135771059133757-0.000603023413340456i,0.000753836807681528+0.00109770516400375i,2.02089176834835e-05-0.00102518463958028i,0.000137329813959386+5.3580407397607e-06i,-0.000137329772088221-5.35807381396596e-06i,2.02089293883343e-05-0.00102518474509422i
388,0.000698932030040924+0.00117834335579832i,0.000106242794046189+3.10035050741287e-05i,-0.000136366495156889-0.000579737912875204i,0.000767257471051+0.00111698908836603i,1.85958956684801e-05-0.000984224879034377i,0.000126752866294992+4.74752265552904e-06i,-0.000126752790459841-4.74750186468809e-06i,1.85959118878868e-05-0.000984224855994256i
391,0.000701774076231852+0.00118203037498845i,0.000106271435671825+3.07416734299868e-05i,-0.000136479504432918-0.000575290787753724i,0.000769812297976487+0.00112086353483046i,1.82968257003811e-05-0.00097642844273589i,0.000124785098415029+4.63678402580089e-06i,-0.000124785127970942-4.63679615502476e-06i,1.82970070241881e-05-0.000976428465338566i
408,0.000717036579646633+0.00120306227823911i,0.000106423666228901+2.9323443499019e-05i,-0.000137084418622258-0.000551300421562609i,0.000783536353081386+0.00114294962403846i,1.67332953150869e-05-0.000934513135735706i,0.000114458329850391+4.0702147551718e-06i,-0.00011445833870543-4.07021424552043e-06i,1.67332764565447e-05-0.000934513140377665i
413,0.000721267592070035+0.0012092973717026i,0.000106465389281393+2.89262605564814e-05i,-0.000137251462196468-0.000544612497526765i,0.000787342244588587+0.00114949154865883i,1.63120844740571e-05-0.000922870630979704i,0.000111665519045906+3.92146335719427e-06i,-0.000111665524348769-3.92134793814282e-06i,1.63121044580621e-05-0.000922870629650771i
426,0.000731760169661261+0.00122562383213378i,0.000106567944343521+2.79326349709905e-05i,-0.00013766433149771-0.000527943324903856i,0.00079678358089248+0.00116660725088074i,1.52898911955054e-05-0.00089393231645746i,0.000104866986822334+3.56705664516444e-06i,-0.000104866957854161-3.56703630866289e-06i,1.52897801137741e-05-0.000893932347847449i
439,0.000741566758354097+0.00124212674613188i,0.000106662585262103+2.69915597213078e-05i,-0.000138048208232314-0.000512240839662532i,0.000805612122542392+0.00118388542705784i,1.43621419972807e-05-0.000866775288576324i,9.86731651171631e-05+3.25413637134057e-06i,-9.86731821707214e-05-3.25426834623323e-06i,1.43621976787803e-05-0.00086677521283773i
444,0.000745167825334261+0.00124852310732102i,0.000106697035930653+2.66426552903178e-05i,-0.000138188628653254-0.000506441072869807i,0.000808855272335884+0.00119057587493262i,1.40282643079572e-05-0.000856769806105448i,9.64369790147263e-05+3.14364955987053e-06i,-9.64368929224835e-05-3.14370299463929e-06i,1.40281954707156e-05-0.000856769577570294i
461,0.000756753655298539+0.0012704815735053i,0.00010680672869466+2.5506617400532e-05i,-0.000138638172058241-0.00048764305225889i,0.000819294682109325+0.00121351591699439i,1.29772273923507e-05-0.000824431679290726i,8.93781959091091e-05+2.80360188276036e-06i,-8.93781705966747e-05-2.80354539623574e-06i,1.29771790009434e-05-0.000824431736743549i
468,0.000761246612810493+0.00127961973654079i,0.000106848778832613+2.50600510526179e-05i,-0.000138811489655591-0.000480291155536272i,0.000823345389816441+0.00122304965240978i,1.2579154652391e-05-0.00081182236601798i,8.66959947230766e-05+2.67779332029758e-06i,-8.66959804303456e-05-2.67780361920481e-06i,1.25792061849283e-05-0.000811822255604438i
479,0.000768003295557089+0.00129409490608858i,0.000106911475656928+2.43815390401231e-05i,-0.000139070930023542-0.000469162957107067i,0.000829439757651488+0.00123813588715304i,1.19905200180868e-05-0.000792776317595717i,8.27194605285788e-05+2.49499373339748e-06i,-8.27195233979896e-05-2.49495257916934e-06i,1.19905330129976e-05-0.000792776362252754i
496,0.000777767075161892+0.00131674385413488i,0.000107000868098478+2.3384973812034e-05i,-0.000139442976791854-0.000452914815942466i,0.000838252983401144+0.00126170321655959i,1.11605921289548e-05-0.000765054320283986i,7.70932924741698e-05+2.24388826103868e-06i,-7.70930929501132e-05-2.24388173141448e-06i,1.11607011226654e-05-0.000765054287899198i
498,0.000778864911517673+0.00131943063920307i,0.000107010825602722+2.32716435429296e-05i,-0.000139484576719656-0.000451074594560705i,0.000839244468063952+0.0012644959422096i,1.10687667148433e-05-0.000761921041248622i,7.64694062136852e-05+2.21658853717422e-06i,-7.64693870457423e-05-2.21661583853315e-06i,1.10688243679772e-05-0.000761921054841683i
514,0.000787289253031892+0.00134109223245794i,0.000107086565945185+2.23927014459194e-05i,-0.000139802047860553-0.000436857007913427i,0.000846856637637571+0.00128698898342383i,1.03746177757794e-05-0.000737757410756398i,7.17412314374903e-05+2.01347309480639e-06i,-7.17411343840855e-05-2.01355471718817e-06i,1.03745485279655e-05-0.000737757418489968i
529,0.000794646116489284+0.00136166748011267i,0.00010715168197752+2.16107160922455e-05i,-0.000140076490408821-0.000424291864999882i,0.00085351045200227+0.00130831773746078i,9.78287728120494e-06-0.000716467091074659i,6.7696833466758e-05+1.84528179177791e-06i,-6.76968020910633e-05-1.8451884343768e-06i,9.7828945144134e-06-0.000716467181270147i
532,0.000796058895185027+0.00136581319682942i,0.000107164069872991+2.14588971746408e-05i,-0.000140128861806541-0.000421861936424367i,0.000854788944668004+0.00131261114935359i,9.67075537120144e-06-0.000712356913560872i,6.69291054579416e-05+1.81382294196398e-06i,-6.69291493814828e-05-1.81377558327147e-06i,9.67086935863302e-06-0.000712356980141924i
549,0.000803720776664513+0.00138949548932087i,0.000107230553333123+2.06256352305497e-05i,-0.000140410825779177-0.000408582577189919i,0.000861726988142228+0.00133711161924715i,9.0718120087727e-06-0.000689935087063505i,6.28166861671113e-05+1.64860814604545e-06i,-6.2816741770763e-05-1.6487461727504e-06i,9.07186142765185e-06-0.000689935057278423i
563,0.000809620181872782+0.00140923643927505i,0.000107280884643059+1.99719214080695e-05i,-0.000140625317130503-0.00039823502607146i,0.000867074582550662+0.00135750271054147i,8.62078672808902e-06-0.000672510556753123i,5.97088085702839e-05+1.5275369844408e-06i,-5.97088240146151e-05-1.5274980931235e-06i,8.62085690979788e-06-0.000672510525778669i
567,0.000811242212849591+0.00141491534707707i,0.000107294582878315+1.97902154494045e-05i,-0.000140683851529978-0.000395370235914594i,0.000868545806167299+0.00136336350997179i,8.49839587004254e-06-0.000667693781338994i,5.88632607506624e-05+1.49509908758608e-06i,-5.88632763734188e-05-1.49507610856313e-06i,8.49836981863601e-06-0.000667693725428993i
599,0.000823295466515418+0.00146094420630847i,0.000107394286290117+1.84111071350473e-05i,-0.00014111202354439-0.000373797209604347i,0.000879492108197513+0.00141078738994936i,7.60968426203272e-06-0.000631523725858204i,5.27023960660164e-05+1.26605120253944e-06i,-5.27023909223063e-05-1.26603509445795e-06i,7.60966571811063e-06-0.000631523721574617i
